<?xml version="1.0" encoding="UTF-8"?>

<GamePlot>
    
        <me>听，前面好像是一个小镇</me>
        <me>这的人可真多啊， 咱们可以找个人问问路。</me>
        <me>Adam？Adam？Adam？</me>
        <me>你去哪了，我感觉不到你了！</me>
        <me>我必须找到Adam</me>
        <me>Adam看不见我一定会叫的,但为什么我听不见它的声音！</me>
        <me>不不不</me>
		<me>没了adam我真的什么都不是</me>
		<me>我哪也去不了</me>
		<me>我只是一个该死的盲人。</me>
        <me>先生您的狗在我这，狗病了一时半会无法更随您了！</me>
        <me>实在太感谢你了</me>
		<me>可怜的的adam。</me>
		<me>对了，您知道治疗眼睛的高塔在哪吗？</me>
        <me>先生您的狗在我这，狗病了一时半会无法更随您了！</me>
        <me>当然先生，如果您想去的话我可以带你去。这边走。</me>
        
        <alley>这条巷子的另一头便是高塔
		<alley>穿过巷子即可到达高塔。</alley>
        <alley>这里走！</alley>
        <alley>我们就快要到了！</alley>
        
        <alley>我等你很久了</alley>
        <alley>你能治愈我的眼睛吗？</alley>
        <alley>躺下吧！你现在什么都不用想，睡一觉就行了。</alley>
        
</GamePlot>