<?xml version="1.0" encoding="UTF-8"?>

<GamePlot>
        <me>唤醒程序</me>
        <triggerTime>1.0</triggerTime>
        <me></me>
        <me>我在哪，还在海上吗？</me>
		<me>我现在感觉实在太难受了</me>
		<me>刚刚那个浪实在太大了</me>
        <me>这里还真是黑啊。什么都看不见...</me>
        <me>哈哈哈,我到底是有多蠢</me>
		<me>连自己先天性失明都忘了</me>
		<me>我生来便是个盲人，从来就没有看见过</me>
		<me>我的世界里除了黑暗就是黑暗</me>
        <me>我从没有想过留给自己希望</me>
		<me>但直到我听说那个岛上有可以治愈我眼睛的高塔</me>
        <me>所以我开始了一段旅程，和Adam一起</me>
        <dog>2</dog>
        <me>Adam，我们是快要到了吗？</me>
        <me>终于要上岸了</me>
        
        <voiceover>adam在我的前方</voiceover>
        <voiceover>adam在我的左边，按下←向左旋转90°</voiceover>
        <voiceover>adam在我的右方，按下←向右旋转90°</voiceover>
        <voiceover>adam开始带路了，试着找到它</voiceover>
        
		<!--<NewDoor>d2yardR</NewDoor>-->
		
</GamePlot>